{
  "format_version": "1.8.0",
  "animations": {
    "animation.chest.open": {
      "loop": true,
      "animation_length": 4.5,
      "bones": {
        "deckel": {
          "rotation": {
            "1.0": [0, 0, 0],
            "1.4167": [-107.5, 0, 0],
            "1.5": [-115, 0, 0],
            "1.625": [-117.5, 0, 0]
          }
        },
        "Truhe": {
          "scale": {
            "0.0": [3.0, 3.0, 3.0]
          },
          "rotation": {
            "0.0": [0, 0, 0],
            "0.2917": [0, 0, -2.5],
            "0.4167": [0, 0, 5],
            "0.5": [0, 0, -2.5],
            "0.7083": [0, 0, 5],
            "1.0": [0, 0, 0]
          },
          "position": {
            "0.0": [0, 0.4, 0],
            "0.4167": [0, 0.52, 0],
            "0.7083": [0, 0.56, 0],
            "0.875": [0, 0.37, 0],
            "1.0": [0, -1, 0],
            "1.0833": [0, 3.33, 0],
            "1.2083": [0, 0, 0]
          }
        },
        "tentakeltop": {
          "rotation": {
            "1.0": [0, 0, 0],
            "1.2083": [-9.96271, -0.86717, -4.92442],
            "1.3333": [0.04, -0.87, -4.92],
            "1.4583": [5.04, -0.87, -4.92],
            "1.5833": [5.07303, -0.64962, -7.41049],
            "1.6667": [5.04, -0.87, -4.92],
            "1.7917": [12.39261, -2.78174, -0.29734],
            "1.9167": [36.51437, -5.37864, 11.95914],
            "2.0417": [38.82139, -1.48866, 15.10593],
            "4.375": [33.82, -1.49, 15.11]
          }
        },
        "tentakelbottom": {
          "rotation": {
            "1.5417": [0, 0, 0],
            "1.9167": [25, 0, 0]
          },
          "position": {
            "1.0": [0, 0, 0],
            "1.125": [0, 5, -1],
            "1.2917": [0, 8, -1],
            "1.4583": [0, 11, -3],
            "1.9167": [0, 16, -3]
          }
        },
        "tentakelmiddle": {
          "rotation": {
            "1.0": [0, 0, 0],
            "1.125": [-12.5, 0, 0],
            "1.1667": [-17.5, 0, 0],
            "1.25": [-9.81401, -2.29331, -6.9765],
            "1.375": [12.68599, -2.29331, -6.9765],
            "1.5417": [32.6802, 2.0295, -4.46327],
            "1.5833": [35.0468, 3.04725, -3.2073],
            "1.9167": [54.68451, -1.74939, 25.30794],
            "2.0417": [58.12692, -8.4572, 14.71354],
            "2.125": [60.09257, -5.51693, 18.81035],
            "2.7917": [47.23, -5.52, 18.81],
            "3.2917": [55.09, -5.52, 18.81]
          }
        },
        "tentakelbottom2": {
          "rotation": [0, 32.5, 0],
          "position": {
            "1.0": [0, 0, 0],
            "1.2917": [0, 0, 0],
            "1.5": [0, 4, 0],
            "2.0417": [-0.5, 12, 0]
          }
        },
        "tentakeltop2": {
          "rotation": {
            "1.0": [0, 0, 0],
            "1.625": [-5, 0, 2.5],
            "1.8333": [4.9338, -1.73886, -2.48053],
            "2.0": [26.66376, -1.58752, 6.41361],
            "2.1667": [28.70136, -3.34466, 5.44929],
            "2.5": [23.7, -3.34, 5.45],
            "4.0417": [26.2, -3.34, 5.45]
          }
        },
        "tentakelmiddle2": {
          "rotation": {
            "1.0": [0, 0, 0],
            "1.75": [0, 0, 0],
            "2.125": [28.92884, 6.42002, -5.47699],
            "2.25": [33.93, 6.42, -5.48],
            "2.75": [28.93, 6.42, -5.48],
            "3.125": [33.93, 6.42, -5.48],
            "3.2917": [38.93, 6.42, -5.48]
          },
          "position": [0, 0, 0]
        },
        "tentakelbottom3": {
          "rotation": {
            "1.0": [0, -32.5, 0],
            "1.5833": [3.8988, -42.66315, 2.15558]
          },
          "position": {
            "1.1667": [-0.66, 1.33, 0],
            "1.5417": [-1.25, 11.47, 0],
            "1.7083": [-1, 15, 0]
          }
        },
        "tentakeltop3": {
          "rotation": {
            "1.0417": [0, 0, 0],
            "1.4167": [-10, 0, 0],
            "1.625": [7.05566, -4.8514, -9.67887],
            "1.8333": [18.79922, -14.24522, 16.00865],
            "2.0833": [23.17323, -9.74218, 4.63643],
            "2.3333": [25.67323, -9.74218, 4.63643],
            "3.25": [30.67323, -9.74218, 4.63643],
            "4.125": [28.17, -9.74, 4.64]
          }
        },
        "tentakelmiddle3": {
          "rotation": {
            "1.0": [0, 0, 0],
            "1.4583": [0, 0, 7.5],
            "1.6667": [7, 0, 3.5],
            "1.8333": [21.75457, -3.35954, 11.85426],
            "2.0833": [31.25457, -3.35954, 11.85426],
            "2.25": [43.75, -3.36, 11.85],
            "2.7083": [51.25, -3.36, 11.85],
            "4.1667": [46.25, -3.36, 11.85]
          }
        }
      }
    }
  }
}
