{
  "format_version": "1.8.0",
  "animations": {
    "animation.hammer.use": {
      "animation_length": 0.875,
      "bones": {
        "head": {
          "rotation": {
            "0.0": [0, 0, 0],
            "0.1667": [-2.5, 17.5, 0],
            "0.2917": [-7.6307, 24.99251, -0.35992],
            "0.375": [0.58794, 0.18432, 2.85676],
            "0.875": [0, 0, 0]
          },
          "position": {
            "0.0": [0, 0, 0],
            "0.1667": [0, 0, 1],
            "0.2917": [0, 0, 0],
            "0.875": [0, 0, 0]
          }
        },
        "body": {
          "rotation": {
            "0.0": [0, 0, 0],
            "0.1667": [0, 20, 0],
            "0.25": [0, 22.5, 0],
            "0.4167": [0, 0, 0],
            "0.875": [0, 0, 0]
          },
          "position": {
            "0.0": [0, 0, 0],
            "0.1667": [0, 0, 1],
            "0.4167": [0, 0, 0],
            "0.875": [0, 0, 0]
          }
        },
        "rightArm": {
          "rotation": {
            "0.0": [0, 0, 0],
            "0.1667": [-36.73794, 39.95426, 2.09615],
            "0.25": [-167.63665, 26.08046, -16.88195],
            "0.2917": [-167.63665, 26.08046, -16.88195],
            "0.4167": [-68.71543, -23.62475, -0.4714],
            "0.5417": [-35.78915, 2.82275, 8.50573],
            "0.6667": [22.72828, -0.2064, 12.55865],
            "0.875": [0, 0, 0]
          },
          "position": {
            "0.0": [0, 0, 0],
            "0.1667": [0, 0, 2],
            "0.4167": [0, 0, -0.3],
            "0.875": [0, 0, 0]
          }
        },
        "leftArm": {
          "rotation": {
            "0.0": [0, 0, 0],
            "0.1667": [-85.20208, 52.83191, 9.55007],
            "0.2917": [-81.17725, 47.89562, 8.2822],
            "0.375": [-49.35047, -5.09553, -8.8495],
            "0.5417": [43.34559, -4.31707, -11.2323],
            "0.875": [0, 0, 0]
          },
          "position": {
            "0.0": [0, 0, 0],
            "0.1667": [0, 0, -2],
            "0.375": [0, 0, 0],
            "0.875": [0, 0, 0]
          }
        },
        "leftLeg": {
          "rotation": {
            "0.0": [0, 0, 0],
            "0.0833": [18.54835, 19.03771, 6.24605],
            "0.1667": [16.04835, 19.03771, 6.24605],
            "0.25": [-4.36, 8.76, 5.44],
            "0.375": [-14.36, 8.76, 5.44],
            "0.875": [0, 0, 0]
          },
          "position": {
            "0.0": [0, 0, 0],
            "0.125": [0, 0, 2],
            "0.2083": [0, 0, 2],
            "0.4167": [0, 0, 0],
            "0.875": [0, 0, 0]
          }
        },
        "rightLeg": {
          "rotation": {
            "0.0": [0, 0, 0],
            "0.1667": [-5.17544, 14.94159, -1.3378],
            "0.25": [-0.17544, 14.94159, -1.3378],
            "0.375": [14.82, 14.94, -1.34],
            "0.875": [0, 0, 0]
          }
        }
      },
      "sound_effects": {
        "0.0": {
          "effect": "hammer_swing"
        }
      }
    }
  }
}
